group	manager	id	description
Shell	apt	zsh	Zsh
Shell	git	https://github.com/ohmyzsh/ohmyzsh.git	Oh My Zsh
Plugins	git	https://github.com/zsh-users/zsh-autosuggestions	zsh-autosuggestions
Plugins	git	https://github.com/zsh-users/zsh-syntax-highlighting	zsh-syntax-highlighting
Helper commands	apt	git	git
Helper commands	apt	curl	curl
Helper commands	apt	iproute2	ss
Helper commands	apt	procps	ps
Helper commands	apt	rsync	rsync
Helper commands	apt	trash-cli	trash-cli
Helper commands	apt	tree	tree
Configuration	asset	custom	Aliases and file, process and Git helpers
Configuration	asset	wsley-passion	Wsley Passion theme
Configuration	asset	.zshrc	Bundled Zsh startup configuration
